{"cameraMode":{"drawMode":0,"name":"Shaded","section":"Shading Mode"},"sceneLighting":true,"audioPlay":false,"sceneViewState":{"m_AlwaysRefresh":false,"showFog":true,"showSkybox":true,"showFlares":true,"showImageEffects":true,"showParticleSystems":true,"showVisualEffectGraphs":true,"m_FxEnabled":true},"in2DMode":false,"pivot":{"x":0.4838826656341553,"y":0.8379169702529907,"z":-1.4177532196044922},"rotation":{"x":-0.02787291444838047,"y":0.962706983089447,"z":-0.10906530916690827,"w":-0.24602311849594117},"size":2.8316597938537599,"orthographic":false}